{
  "_fv": 28,
  "_type": "tool",
  "definition": {
    "renderType": 0,
    "texture": "mybest1",
    "customModelName": "Normal",
    "name": "Mega Sword",
    "specialInfo": [
      "Its took me 40mins!"
    ],
    "creativeTab": {
      "value": "TOOLS"
    },
    "toolType": "Pickaxe",
    "harvestLevel": 7,
    "efficiency": 30.0,
    "attackSpeed": 25.0,
    "enchantability": 100,
    "damageVsEntity": 1044.0,
    "usageCount": 100,
    "blocksAffected": [],
    "hasGlow": true,
    "repairItems": [
      {
        "value": "CUSTOM:KnockbackSword"
      }
    ],
    "immuneToFire": true,
    "stayInGridWhenCrafting": true,
    "damageOnCrafting": true,
    "onEntityHitWith": {
      "name": "MegaSwordLivingEntityIsHitWithTool"
    }
  }
}